strategy,pbo
SmaCross,0.6971828088206802
MacdSignal,0.6971828088206802
RsiSignal,0.6972749479225547
