strategy,pbo
SmaCross,0.6971828088206801
MacdSignal,0.6476414400785376
RsiSignal,0.6971873491313562
