strategy,pbo
SmaCross,0.5484234094345855
MacdSignal,0.5510139677091674
RsiSignal,0.6972354772056439
