strategy,pbo
SmaCross,0.5785385244226694
MacdSignal,0.574302830115956
RsiSignal,0.6616267400639895
