strategy,pbo
SmaCross,0.5986134117811954
MacdSignal,0.660444329484252
RsiSignal,0.6751273833975359
