strategy,pbo
SmaCross,0.5946950690598156
MacdSignal,0.6476666389981989
RsiSignal,0.6767841307743283
