strategy,pbo
SmaCross,0.6971828088206804
MacdSignal,0.578475148930806
RsiSignal,0.6971881520647898
