strategy,pbo
SmaCross,0.6604785551740626
MacdSignal,0.5986096355162958
RsiSignal,0.6974788094082499
