strategy,pbo
SmaCross,0.660445094180737
MacdSignal,0.6971838611744801
RsiSignal,0.6972714059249916
