strategy,pbo
SmaCross,0.5877827616366577
MacdSignal,0.5829756329231135
RsiSignal,0.7003492588801354
